dimension,no_personalization,personalization,ratio
initiative_timing,3.736842105263158,3.9160280970625805,104.79511809040709
interaction_coherence,3.642543859649123,3.7854406130268203,103.92299334980312
intent_alignment_drift,4.432644110275689,4.51404853128991,101.83647545322916
commitment_consistency,4.216165413533835,4.364303959131545,103.51358476406519
interaction_efficiency,2.9454887218045114,3.122286079182631,106.00230977186725
interaction_preference_alignment,3.3236215538847116,3.461366538952746,104.1444244729679
user_cognitive_load_trajectory,3.304197994987469,3.3933588761174973,102.69841217945435
overall_user_experience,3.4157268170426063,3.518518518518518,103.0093654142081
