dimension,no_personalization,personalization,ratio
initiative_timing,3.2975768321513006,3.75177304964539,113.7736356304328
interaction_coherence,2.9940898345153664,3.229314420803783,107.8562968811686
intent_alignment_drift,3.9890661938534273,4.283983451536644,107.39314023260987
commitment_consistency,3.7006501182033102,4.044030732860519,109.27892677473446
interaction_preference_alignment,3.2101063829787235,3.929669030732861,122.41553898554727
interaction_efficiency,2.421690307328605,2.663416075650118,109.9816961561928
user_cognitive_load_trajectory,2.807033096926714,3.249408983451537,115.75955363722498
overall_user_experience,3.078605200945627,3.6013593380614664,116.98022653100404
