dimension,no_personalization,personalization,ratio
initiative_timing,3.7449763593380614,4.319444444444444,115.33969857176673
interaction_coherence,3.6835106382978724,3.9473995271867617,107.16405936622544
intent_alignment_drift,4.67434988179669,4.807624113475177,102.85118219749654
interaction_preference_alignment,3.141843971631206,4.151891252955083,132.14823175319788
commitment_consistency,4.593085106382978,4.745567375886525,103.3198224281027
interaction_efficiency,2.95596926713948,3.393912529550827,114.81555533339996
user_cognitive_load_trajectory,3.283096926713948,3.970744680851064,120.94509450945094
overall_user_experience,3.3430851063829787,4.1453900709219855,123.99893927340227
