dimension,no_personalization,personalization,ratio
initiative_timing,3.653664302600473,3.870567375886525,105.93659010029116
interaction_coherence,3.381205673758865,3.4069148936170213,100.76035658101729
intent_alignment_drift,4.263888888888888,4.3170803782505915,101.24748769838523
commitment_consistency,4.137115839243498,4.247340425531915,102.66428571428573
interaction_efficiency,2.8049645390070923,2.8377659574468086,101.1694058154235
interaction_preference_alignment,3.4287825059101658,3.9834515366430256,116.1768508144445
user_cognitive_load_trajectory,3.269208037825059,3.462174940898345,105.90255807647114
overall_user_experience,3.4695626477541373,3.7768912529550827,108.85784856485819
